LA,Best_Allocation,MaxRate
1,0.5,14.8833975945978
1.5,0.5,14.4201807904154
2,0.5,13.195906993215
2.5,0.5,10.6245629385788
3,0.5,7.55931221989753
3.5,0.5,4.94989950549629
4,0.5,2.58212985548439
4.5,0.5,1.20953888970232
5,0.5,0.36032678870934
5.5,0.466666666666667,0.0975924732962437
6,0.966666666666667,0
6.5,0.966666666666667,0
7,0.966666666666667,0
7.5,0.966666666666667,0
8,0.966666666666667,0
8.5,0.966666666666667,0
9,0.966666666666667,0
