LA,Best_Allocation,MaxRate
1,0.5,14.9055551896065
1.5,0.5,14.2940064604667
2,0.5,13.0864194095859
2.5,0.5,10.7796847875779
3,0.5,7.62251065303838
3.5,0,0
4,0,0
4.5,0,0
5,0,0
5.5,0,0
6,0,0
6.5,0,0
7,0,0
7.5,0,0
8,0,0
8.5,0,0
9,0,0
