LA,Best_Allocation,MaxRate
1,0.5,15
1.5,0.5,14.9791859286645
2,0.5,14.9411054061194
2.5,0.5,14.772130045522
3,0.5,14.5150424499462
