r,Best_Allocation,MaxRate
1,0.5,14.4339132446874
1.5,0.5,13.2399639480019
2,0.5,9.73704712601936
2.5,0.5,5.80287359795171
3,0.5,2.64642152088361
